{
  "type": "service_account",
  "project_id": "prod-251620",
  "private_key_id": "9b4e32xyzxyzdf53",
  "private_key": "-----BEGIN PRIVATE KEY-----\n___FAKE_KEY_____Hdy1vcrEhKrYCL+Xj425/MDyc3Q==\n-----END PRIVATE KEY-----\n",
  "client_email": "terraform@prod-251620.iam.gserviceaccount.com",
  "client_id": "112xxxxxxxxxx4236xxy",
  "auth_uri": "https://accounts.google.com/o/oauth2/auth",
  "token_uri": "https://oauth2.googleapis.com/token",
  "auth_provider_x509_cert_url": "https://www.googleapis.com/oauth2/v1/certs",
  "client_x509_cert_url": "https://www.googleapis.com/robot/v1/metadata/x509/terraform%40prod-251620.iam.gserviceaccount.com"
}
